result,white_player,black_player,white_elo,black_elo,timezone,start_time,end_time
win,SCHMITZ874,Blekitni,751,692,UTC,18,18
win,SCHMITZ874,hadi13711,750,733,UTC,19,19
win,SCHMITZ874,Supchik74,758,730,UTC,19,19
loss,SCHMITZ874,gigi6320,751,788,UTC,19,19
loss,SCHMITZ874,meysamshakor,735,718,UTC,20,20
win,SCHMITZ874,itsmenitish,736,753,UTC,05,05
loss,SCHMITZ874,KirillH435,701,686,UTC,06,06
loss,SCHMITZ874,kkaannkzlcan,684,689,UTC,23,23
loss,SCHMITZ874,deajor,675,664,UTC,00,00
win,SCHMITZ874,NinaZenuni,682,642,UTC,22,22
loss,SCHMITZ874,davebyrds,675,738,UTC,22,22
loss,SCHMITZ874,RamonRuiz76,667,649,UTC,17,17
loss,SCHMITZ874,bedziia,657,649,UTC,20,20
win,SCHMITZ874,Metis1309,674,650,UTC,20,20
win,SCHMITZ874,Dorrlord,682,650,UTC,20,20
win,SCHMITZ874,akshaj7098,691,705,UTC,03,03
loss,SCHMITZ874,vinay6717,693,730,UTC,03,03
win,SCHMITZ874,MateoFrugoni,703,708,UTC,21,21
loss,SCHMITZ874,Abhishek_H,696,751,UTC,21,22
loss,SCHMITZ874,ivaalv,680,701,UTC,22,22
loss,SCHMITZ874,Macaaroni27,672,675,UTC,22,22
loss,SCHMITZ874,EnPrinci,664,681,UTC,02,03
loss,SCHMITZ874,Gareeb123,664,653,UTC,23,23
win,SCHMITZ874,Mnewton657,664,660,UTC,08,08
win,SCHMITZ874,imhardikptel,673,683,UTC,03,03
win,SCHMITZ874,Ishan135,688,665,UTC,21,21
win,SCHMITZ874,NCL15,696,658,UTC,21,21
win,SCHMITZ874,Leto_Atryda,703,663,UTC,21,21
win,SCHMITZ874,dejanzaj,720,748,UTC,04,04
win,SCHMITZ874,francis_saiko,414,469,UTC,06,06
win,SCHMITZ874,toni8220,690,648,UTC,22,22
tie,SCHMITZ874,MonsieurBerthold,699,729,UTC,00,00
win,SCHMITZ874,slayerrrrrrrr,691,668,UTC,05,05
loss,SCHMITZ874,PibeAstillero12,682,662,UTC,05,06
win,SCHMITZ874,Shuggz72,689,648,UTC,17,18
win,SCHMITZ874,Sirwan_1,696,645,UTC,18,18
tie,SCHMITZ874,Kaluzzay,695,658,UTC,00,01
loss,SCHMITZ874,rosivaldo40,390,438,UTC,01,01
loss,SCHMITZ874,sofas103,390,1392,UTC,01,01
loss,SCHMITZ874,sofas103,439,1359,UTC,05,05
loss,SCHMITZ874,sofas103,439,1359,UTC,05,05
loss,SCHMITZ874,sofas103,439,1359,UTC,05,05
loss,SCHMITZ874,sofas103,488,1343,UTC,05,06
loss,SCHMITZ874,kazersky,696,728,UTC,21,22
loss,SCHMITZ874,Jack8888888,680,683,UTC,22,22
win,SCHMITZ874,KevinKaufman311,551,501,UTC,20,20
loss,SCHMITZ874,douduc,673,722,UTC,23,00
loss,SCHMITZ874,non4477,672,703,UTC,22,23
loss,SCHMITZ874,Aleks_sss,664,660,UTC,05,05
win,SCHMITZ874,Gimli1347,680,640,UTC,01,01
win,SCHMITZ874,jpablocn,688,693,UTC,03,04
loss,SCHMITZ874,fulhammikie,705,713,UTC,21,21
loss,SCHMITZ874,zeljko5764,698,741,UTC,21,21
win,SCHMITZ874,tariqshah457,706,684,UTC,06,06
win,SCHMITZ874,Sonercbr,713,649,UTC,21,22
win,SCHMITZ874,divyank_kothari,731,736,UTC,00,00
win,SCHMITZ874,qufer,739,709,UTC,08,08
win,SCHMITZ874,1hamsa_guru1,773,738,UTC,05,05
loss,SCHMITZ874,Angelo1443,774,814,UTC,05,05
loss,SCHMITZ874,aymankw,765,762,UTC,21,22
loss,SCHMITZ874,vedhavikash,758,799,UTC,22,22
loss,SCHMITZ874,mjd_cafew,742,755,UTC,22,22
win,SCHMITZ874,nickcwoods,750,728,UTC,23,23
tie,SCHMITZ874,Shrivallabh47,540,562,UTC,04,04
win,SCHMITZ874,chessmjw12,555,558,UTC,23,23
win,SCHMITZ874,Chiefs19,563,598,UTC,04,04
win,SCHMITZ874,forfunok,572,600,UTC,02,02
tie,SCHMITZ874,lailamaia,564,581,UTC,01,01
loss,SCHMITZ874,ILMIR19J86,564,582,UTC,07,08
loss,SCHMITZ874,Txemik,573,737,UTC,08,08
loss,SCHMITZ874,Yaroslavcoolboy123,378,391,UTC,07,08
loss,SCHMITZ874,y_FragrantOperat,564,551,UTC,08,08
loss,SCHMITZ874,tiago91802,579,571,UTC,04,04
loss,SCHMITZ874,sathuravi1,571,567,UTC,06,06
win,SCHMITZ874,Yogeshrawat_555,580,608,UTC,06,06
win,SCHMITZ874,Cavernicola22,580,568,UTC,01,01
win,SCHMITZ874,laptop58,570,509,UTC,01,01
loss,SCHMITZ874,MilanDroid,562,562,UTC,02,02
win,SCHMITZ874,KyutaNaka,569,521,UTC,18,18
win,SCHMITZ874,GodFemto,578,580,UTC,18,18
win,SCHMITZ874,Mrgriff87,585,547,UTC,18,18
win,SCHMITZ874,Jartsjarts,600,563,UTC,00,00
win,SCHMITZ874,1BestChessPlayerUSA,615,557,UTC,20,20
tie,SCHMITZ874,MowiszMasz,637,639,UTC,17,17
win,SCHMITZ874,philmcracken1235,644,597,UTC,23,23
loss,SCHMITZ874,ilhanuludag,635,621,UTC,23,23
win,SCHMITZ874,kailo2,409,390,UTC,23,23
win,SCHMITZ874,ayoubjerard,649,596,UTC,20,20
win,SCHMITZ874,vikramsinghlakhawat,674,679,UTC,18,19
win,SCHMITZ874,Uzumakiram,674,690,UTC,20,20
loss,SCHMITZ874,Uzumakiram,674,690,UTC,20,20
loss,SCHMITZ874,normal_head,658,656,UTC,00,00
win,SCHMITZ874,SafaDogu,676,690,UTC,05,05
win,SCHMITZ874,Manlailogic,682,577,UTC,03,03
win,SCHMITZ874,kiran-nel,689,641,UTC,04,04
loss,SCHMITZ874,pinrose,682,720,UTC,04,04
win,SCHMITZ874,Neo201,496,397,UTC,06,06
win,SCHMITZ874,chan8330,518,516,UTC,03,03
loss,SCHMITZ874,Androo22,493,493,UTC,04,04
loss,SCHMITZ874,Bocanaa,485,519,UTC,00,00
loss,SCHMITZ874,gandalfelgris2,486,534,UTC,00,00
win,SCHMITZ874,alhamdzaidi,493,446,UTC,00,00
loss,SCHMITZ874,AndrewMasek,500,1159,UTC,03,03
win,SCHMITZ874,lisaFtowin,499,463,UTC,01,01
loss,SCHMITZ874,Hubester,491,517,UTC,01,01
win,SCHMITZ874,doctorg33k,498,442,UTC,05,05
loss,SCHMITZ874,Aragorn8998,492,544,UTC,06,06
win,SCHMITZ874,spiritualxauthority,500,488,UTC,22,22
win,SCHMITZ874,Alessandrocataldi,516,548,UTC,08,08
loss,SCHMITZ874,AndrewMasek,335,562,UTC,01,01
loss,SCHMITZ874,Fromki,501,545,UTC,20,20
win,SCHMITZ874,chicobanana3,502,532,UTC,01,01
tie,SCHMITZ874,Evan13Watkins,503,524,UTC,22,22
win,SCHMITZ874,schiopp,510,468,UTC,03,03
win,SCHMITZ874,mohameed5352,517,453,UTC,03,03
loss,SCHMITZ874,SOULTAKER0-0,524,559,UTC,18,19
win,SCHMITZ874,malucograu,583,560,UTC,17,17
loss,SCHMITZ874,Crv94,574,578,UTC,22,22
win,SCHMITZ874,TJXD,566,514,UTC,19,19
loss,SCHMITZ874,GuyTay,558,571,UTC,19,19
loss,SCHMITZ874,MarkHallsworth,549,536,UTC,20,21
win,SCHMITZ874,kikitox,567,577,UTC,03,03
tie,SCHMITZ874,Juliussult,567,575,UTC,03,04
win,SCHMITZ874,sididahman,574,520,UTC,18,18
loss,SCHMITZ874,Omarhp2002,549,583,UTC,19,19
loss,SCHMITZ874,Darien0214,535,584,UTC,23,00
tie,SCHMITZ874,richardkong71,535,554,UTC,19,19
loss,SCHMITZ874,metmelo,519,572,UTC,21,21
win,SCHMITZ874,zamudioalejandro,527,491,UTC,04,04
loss,SCHMITZ874,kalani7007,509,527,UTC,21,21
win,SCHMITZ874,3DJazz,525,463,UTC,04,04
win,SCHMITZ874,guna23785,525,482,UTC,20,21
tie,SCHMITZ874,ScreenBroke,517,505,UTC,19,20
win,SCHMITZ874,robchess501,525,519,UTC,02,03
tie,SCHMITZ874,EdgarGrigoryants,525,514,UTC,19,19
loss,SCHMITZ874,fn_97,509,547,UTC,00,00
win,SCHMITZ874,EReese88,502,476,UTC,03,03
loss,SCHMITZ874,vako29,502,520,UTC,23,00
loss,SCHMITZ874,Bryson555,494,526,UTC,01,01
win,SCHMITZ874,gdv4664,501,450,UTC,03,03
win,SCHMITZ874,SatanicDD,509,489,UTC,23,23
loss,SCHMITZ874,Lubomir08,508,504,UTC,00,00
loss,SCHMITZ874,seymazal,507,565,UTC,23,23
loss,SCHMITZ874,MyName4Now,499,501,UTC,02,02
loss,SCHMITZ874,TaDaronneEnPotion,516,550,UTC,22,22
loss,SCHMITZ874,hanche12,508,524,UTC,19,19
tie,SCHMITZ874,danimero,498,470,UTC,23,00
loss,SCHMITZ874,EnciW,482,474,UTC,21,21
win,SCHMITZ874,jmi06,490,468,UTC,21,21
loss,SCHMITZ874,joeymundur,493,555,UTC,18,18
win,SCHMITZ874,Shavkatjon_1999,501,482,UTC,18,18
win,SCHMITZ874,madcosdiseez,510,524,UTC,20,20
loss,SCHMITZ874,Malozgeg,517,486,UTC,20,21
loss,SCHMITZ874,Liem04,519,577,UTC,20,20
loss,SCHMITZ874,ahmedhade,503,532,UTC,18,18
win,SCHMITZ874,vikram-saini,527,519,UTC,08,08
win,SCHMITZ874,chinbokloss,534,475,UTC,05,05
loss,SCHMITZ874,dejack3367,526,537,UTC,05,05
loss,SCHMITZ874,fderghkkhtjjmgfdn,509,527,UTC,03,03
win,SCHMITZ874,aslan15_15,525,526,UTC,20,20
win,SCHMITZ874,CarvalhoHenrique,527,537,UTC,20,20
win,SCHMITZ874,exactlybro,531,540,UTC,01,01
win,SCHMITZ874,jmaher84,540,564,UTC,02,02
loss,SCHMITZ874,bulatfatihov,532,550,UTC,19,19
win,SCHMITZ874,davidriggsbee,557,581,UTC,07,07
win,SCHMITZ874,aylinemre,571,516,UTC,06,06
win,SCHMITZ874,sergio_furlaneto60,589,596,UTC,08,08
loss,SCHMITZ874,savanb,582,619,UTC,00,00
win,SCHMITZ874,Zhannakalievaa,589,544,UTC,06,06
win,SCHMITZ874,alejo10rios,614,599,UTC,04,04
loss,SCHMITZ874,Kingcord1,590,612,UTC,19,19
loss,SCHMITZ874,StefanovaMama,575,636,UTC,07,07
win,SCHMITZ874,thefavorit,584,584,UTC,00,00
loss,SCHMITZ874,iDclul101,575,549,UTC,00,00
loss,SCHMITZ874,sirfredgrey,364,411,UTC,20,20
loss,SCHMITZ874,AlexNazario12,431,410,UTC,00,00
loss,SCHMITZ874,Tomsouza82,424,482,UTC,01,01
win,SCHMITZ874,moisantos,434,486,UTC,20,20
loss,SCHMITZ874,jonkcchief,434,495,UTC,21,21
loss,SCHMITZ874,riahonfiyah,432,483,UTC,01,02
win,SCHMITZ874,findingthingz,437,348,UTC,02,02
win,SCHMITZ874,inaagada,446,468,UTC,05,05
win,SCHMITZ874,Chechao,454,429,UTC,17,17
win,SCHMITZ874,Nicplayschessnow,462,443,UTC,21,21
win,SCHMITZ874,delobo,469,494,UTC,06,06
loss,SCHMITZ874,jonthelegend333,454,492,UTC,20,20
tie,SCHMITZ874,Remi815,456,480,UTC,20,20
loss,SCHMITZ874,NirajxNaruto,441,488,UTC,07,07
win,SCHMITZ874,jimdpresto2,449,469,UTC,21,21
tie,SCHMITZ874,olga_irkowa,449,453,UTC,20,20
loss,SCHMITZ874,Eduartdo,448,475,UTC,02,03
win,SCHMITZ874,11fa,457,479,UTC,00,00
win,SCHMITZ874,kreateev,447,430,UTC,08,08
win,SCHMITZ874,Nosepol,449,487,UTC,00,01
tie,SCHMITZ874,fermixxxx,442,467,UTC,02,03
win,SCHMITZ874,cedo67,451,460,UTC,20,20
tie,SCHMITZ874,buloup,451,497,UTC,23,23
loss,SCHMITZ874,iolsen,457,459,UTC,10,10
loss,SCHMITZ874,erictr88,448,417,UTC,23,23
win,SCHMITZ874,JR12356,455,393,UTC,23,23
loss,SCHMITZ874,Reytlatoani,462,511,UTC,05,05
loss,SCHMITZ874,Eu_3727,472,500,UTC,00,00
loss,SCHMITZ874,alsaedi98,465,514,UTC,01,01
tie,SCHMITZ874,Asilvs37,466,460,UTC,19,19
win,SCHMITZ874,agustifelo_22,491,436,UTC,20,20
loss,SCHMITZ874,MetallaCrue70,482,456,UTC,20,21
loss,SCHMITZ874,MikeAylwin,319,306,UTC,21,21
win,SCHMITZ874,Sea1o,491,465,UTC,17,17
win,SCHMITZ874,ramsharma17,507,501,UTC,17,17
win,SCHMITZ874,Mrdgodd,357,359,UTC,04,04
loss,SCHMITZ874,Singli,491,468,UTC,19,19
win,SCHMITZ874,checkmybishop69,507,476,UTC,06,06
loss,SCHMITZ874,CaioAROD,499,523,UTC,20,20
win,SCHMITZ874,Ayoub49,459,441,UTC,18,19
loss,SCHMITZ874,HardeepMander,448,441,UTC,19,19
win,SCHMITZ874,Percyclonium,442,378,UTC,08,09
win,SCHMITZ874,Kamchess90,452,446,UTC,09,09
loss,SCHMITZ874,K1NGRE9,443,466,UTC,20,20
loss,SCHMITZ874,Zina1997,424,422,UTC,15,15
loss,SCHMITZ874,Sky-Malakas,432,402,UTC,15,15
loss,SCHMITZ874,willie365,424,378,UTC,23,23
win,SCHMITZ874,jbmma,431,372,UTC,23,23
win,SCHMITZ874,Niko805Kister,444,365,UTC,20,20
win,SCHMITZ874,damso13013,457,407,UTC,17,17
win,SCHMITZ874,stutivermalooser,473,463,UTC,07,07
loss,SCHMITZ874,JoTheWhale,463,415,UTC,07,07
loss,SCHMITZ874,avasone9,454,439,UTC,17,17
tie,SCHMITZ874,thefitantonioburgos,453,419,UTC,17,17
loss,SCHMITZ874,zirhi_d,445,475,UTC,23,23
loss,SCHMITZ874,asdfghjklxc,430,498,UTC,00,00
tie,SCHMITZ874,CMPN,431,479,UTC,06,06
loss,SCHMITZ874,Speeder976,431,416,UTC,01,01
tie,SCHMITZ874,turborayo,423,432,UTC,20,20
win,SCHMITZ874,xA1111,447,420,UTC,23,23
tie,SCHMITZ874,Nevrotik101,457,434,UTC,07,07
win,SCHMITZ874,david78370,463,369,UTC,02,02
tie,SCHMITZ874,Yrazoqui97,462,431,UTC,05,05
win,SCHMITZ874,DefeatedTitle,469,417,UTC,19,20
loss,SCHMITZ874,arendjagter,462,521,UTC,20,20
loss,SCHMITZ874,handymanemin,439,450,UTC,02,02
win,SCHMITZ874,mhmd325,432,399,UTC,20,20
loss,SCHMITZ874,mrchess400,432,480,UTC,17,17
tie,SCHMITZ874,Holder_of_Luava,433,465,UTC,17,17
tie,SCHMITZ874,ricohmp,427,464,UTC,20,20
loss,SCHMITZ874,otivis,418,414,UTC,20,20
win,SCHMITZ874,MasterRuler117999,451,428,UTC,22,22
win,SCHMITZ874,AmjadSbai,460,474,UTC,22,22
loss,SCHMITZ874,mathiaskay,453,507,UTC,22,22
win,SCHMITZ874,Pa7o7,452,353,UTC,07,07
loss,SCHMITZ874,Juaozz,434,436,UTC,17,17
win,SCHMITZ874,GAWtha2nd,441,396,UTC,02,03
loss,SCHMITZ874,BruckEe,434,429,UTC,20,20
win,SCHMITZ874,LucasChamp,427,475,UTC,17,17
tie,SCHMITZ874,whizi-d,427,419,UTC,17,17
loss,SCHMITZ874,MaggieAjna,420,459,UTC,19,19
win,SCHMITZ874,EnglishDave2,429,440,UTC,19,19
loss,SCHMITZ874,Juansparov96,429,476,UTC,20,20
win,SCHMITZ874,montecivetta,437,379,UTC,19,19
loss,SCHMITZ874,Melo0311,446,463,UTC,20,20
loss,SCHMITZ874,levigomescostajunior,427,420,UTC,14,14
loss,SCHMITZ874,shesschessed,413,413,UTC,21,21
loss,SCHMITZ874,Madd000,403,487,UTC,22,22
win,SCHMITZ874,Callaecu,416,436,UTC,21,21
loss,SCHMITZ874,AndrewMasek,415,1054,UTC,23,23
win,SCHMITZ874,Deltones,412,329,UTC,23,23
loss,SCHMITZ874,HolyGNKDroid,437,463,UTC,21,21
loss,SCHMITZ874,Stojanovski32,404,440,UTC,19,19
win,SCHMITZ874,kumahime,438,537,UTC,06,06
loss,SCHMITZ874,kumahime,432,541,UTC,06,06
win,SCHMITZ874,kumahime,440,536,UTC,06,06
loss,SCHMITZ874,patrickaoddd,630,819,UTC,16,16
win,SCHMITZ874,Amitsalom,624,608,UTC,16,16
loss,SCHMITZ874,ovidiubdb,454,654,UTC,16,17
tie,SCHMITZ874,Alex_R_97,482,496,UTC,17,17
loss,SCHMITZ874,DeathOfAnubis,498,633,UTC,19,20
loss,SCHMITZ874,jackwilder268,442,479,UTC,20,20
win,SCHMITZ874,ayad224,487,420,UTC,20,20
win,SCHMITZ874,LAZARUSgang,495,556,UTC,21,22
win,SCHMITZ874,Urlodelpazzosium,519,402,UTC,16,16
loss,SCHMITZ874,ChessYaToDeath,505,493,UTC,22,22
loss,SCHMITZ874,Marcmagm,391,419,UTC,23,23
win,SCHMITZ874,drop42,419,271,UTC,23,23
loss,SCHMITZ874,TiviF,461,509,UTC,00,01
tie,SCHMITZ874,Pituan,477,467,UTC,16,16
loss,SCHMITZ874,ReshetnyakNikolay,458,465,UTC,16,16
loss,SCHMITZ874,NoticeHypixel,443,504,UTC,16,17
win,SCHMITZ874,thejbonn,450,376,UTC,02,02
tie,SCHMITZ874,Alessandro1066,451,475,UTC,04,04
loss,SCHMITZ874,nicolmartinez9612,413,370,UTC,22,22
loss,SCHMITZ874,jacquesboy,399,370,UTC,04,04
win,SCHMITZ874,vitaliyvolovyk,410,385,UTC,16,16
loss,SCHMITZ874,omkarn170811,399,427,UTC,16,16
win,SCHMITZ874,mistrema,429,444,UTC,19,19
win,SCHMITZ874,jry2,417,348,UTC,18,18
win,SCHMITZ874,jry2,422,330,UTC,18,18
loss,SCHMITZ874,SunTzuArtOfWar29,700,1016,UTC,21,21
loss,Thinagar17,SCHMITZ874,726,742,UTC,18,18
loss,RuzgarMayk1905,SCHMITZ874,797,744,UTC,20,20
loss,smenezes90,SCHMITZ874,763,727,UTC,22,22
loss,Krillacam43,SCHMITZ874,712,727,UTC,05,06
loss,RoiPlatane,SCHMITZ874,730,719,UTC,20,20
loss,Poberezhskaya,SCHMITZ874,690,710,UTC,20,20
loss,nicoc90,SCHMITZ874,668,692,UTC,01,01
win,BloodOnTheCanva,SCHMITZ874,688,684,UTC,22,22
loss,DSAhomeimprovement,SCHMITZ874,690,676,UTC,03,03
win,SjennyQ,SCHMITZ874,673,675,UTC,03,03
loss,Blakkt,SCHMITZ874,640,666,UTC,20,20
loss,doyu10,SCHMITZ874,681,658,UTC,20,20
win,faustino29,SCHMITZ874,657,666,UTC,20,20
win,PinkPoseidon,SCHMITZ874,677,666,UTC,20,20
win,ArunKumar45,SCHMITZ874,710,700,UTC,03,03
loss,jordan9649,SCHMITZ874,740,686,UTC,07,07
tie,szachydlazabawy,SCHMITZ874,670,686,UTC,07,07
win,LOOPx0,SCHMITZ874,669,694,UTC,18,19
loss,Kefa24,SCHMITZ874,695,688,UTC,21,21
win,mmorris34,SCHMITZ874,660,672,UTC,04,04
loss,DwnteSmoke,SCHMITZ874,719,665,UTC,07,08
win,darthplagueis10,SCHMITZ874,665,673,UTC,23,00
loss,MrMorrison404,SCHMITZ874,657,656,UTC,05,05
win,fhut2910m,SCHMITZ874,633,680,UTC,04,04
win,makeenma,SCHMITZ874,674,711,UTC,22,22
loss,kazvlogz,SCHMITZ874,757,713,UTC,03,03
loss,saraswaanand,SCHMITZ874,709,705,UTC,03,04
tie,Isuckatchess1966,SCHMITZ874,710,683,UTC,23,23
tie,Mdh247,SCHMITZ874,669,683,UTC,20,20
win,hooverl2,SCHMITZ874,682,698,UTC,21,21
loss,bomberguy52,SCHMITZ874,696,691,UTC,01,01
loss,marketaspect,SCHMITZ874,715,683,UTC,01,02
loss,BodybuilderC,SCHMITZ874,653,680,UTC,00,00
win,ViniBoy368,SCHMITZ874,695,689,UTC,04,05
tie,AkashSingh07,SCHMITZ874,672,689,UTC,05,05
win,Elrod26,SCHMITZ874,708,704,UTC,21,21
loss,ckarlos07,SCHMITZ874,706,696,UTC,21,21
loss,sofas103,SCHMITZ874,1392,414,UTC,01,01
win,sofas103,SCHMITZ874,1369,439,UTC,01,01
loss,sofas103,SCHMITZ874,1359,439,UTC,05,05
loss,sofas103,SCHMITZ874,1359,439,UTC,05,05
win,sofas103,SCHMITZ874,1343,488,UTC,05,05
win,Soffi56,SCHMITZ874,478,511,UTC,06,07
win,Kerketo,SCHMITZ874,708,704,UTC,21,21
loss,HariHaran18012002,SCHMITZ874,699,688,UTC,07,07
win,nisael0521,SCHMITZ874,476,531,UTC,08,08
win,mgautier0737,SCHMITZ874,630,680,UTC,04,04
win,molino123,SCHMITZ874,637,672,UTC,00,00
win,doodoohead420,SCHMITZ874,650,680,UTC,04,04
loss,JDautt,SCHMITZ874,729,673,UTC,00,01
win,ShrimpPasteTzy,SCHMITZ874,711,697,UTC,04,04
win,LTMurphy1,SCHMITZ874,660,704,UTC,05,05
win,Msalem22,SCHMITZ874,731,713,UTC,22,22
loss,cslpy,SCHMITZ874,729,705,UTC,23,23
win,captainkiwi101,SCHMITZ874,705,713,UTC,00,00
win,BoinasPretas,SCHMITZ874,741,722,UTC,23,00
win,Dalben,SCHMITZ874,756,748,UTC,08,08
win,Mans44,SCHMITZ874,779,757,UTC,23,23
win,bartekkd,SCHMITZ874,748,765,UTC,04,05
win,percabeth9,SCHMITZ874,756,781,UTC,05,05
loss,smallnutslargeballz,SCHMITZ874,762,750,UTC,22,22
win,adrianxito,SCHMITZ874,716,750,UTC,22,22
loss,foad1948,SCHMITZ874,764,742,UTC,23,23
tie,Sanderson24,SCHMITZ874,780,751,UTC,07,07
loss,PuppetMaster211,SCHMITZ874,791,744,UTC,07,07
win,hariyapurusoth,SCHMITZ874,345,412,UTC,16,16
win,camimoren,SCHMITZ874,483,547,UTC,23,23
tie,sfantuvoid,SCHMITZ874,507,554,UTC,23,23
loss,CamilAbishzade,SCHMITZ874,574,564,UTC,03,03
win,jaszczomp95,SCHMITZ874,544,572,UTC,07,07
loss,Calm_Almond,SCHMITZ874,595,564,UTC,07,07
win,MrAbizz,SCHMITZ874,548,572,UTC,07,07
win,SolemnMuzzle,SCHMITZ874,557,572,UTC,08,08
win,Manekimochi,SCHMITZ874,544,580,UTC,08,08
win,P003htb,SCHMITZ874,535,571,UTC,01,02
win,BolBolBol32,SCHMITZ874,548,579,UTC,00,00
win,amontesan,SCHMITZ874,618,588,UTC,00,00
loss,msrraj,SCHMITZ874,576,572,UTC,06,06
loss,AggressiveGumdrop,SCHMITZ874,591,572,UTC,01,01
loss,mishwen,SCHMITZ874,553,563,UTC,01,01
win,Aledrez17,SCHMITZ874,533,577,UTC,01,01
loss,Faysel21,SCHMITZ874,616,570,UTC,02,02
win,Gorrotxategui,SCHMITZ874,572,593,UTC,18,19
loss,lalit1311,SCHMITZ874,553,584,UTC,22,23
win,BishopKaran,SCHMITZ874,594,592,UTC,00,00
win,MajorZero,SCHMITZ874,589,608,UTC,09,09
win,1BestChessPlayerUSA,SCHMITZ874,550,622,UTC,20,20
win,CaptainRaviolini,SCHMITZ874,569,629,UTC,20,21
win,gabrielcl14,SCHMITZ874,618,637,UTC,22,22
win,alansilvaa,SCHMITZ874,604,642,UTC,17,18
loss,sebakpo,SCHMITZ874,405,381,UTC,23,00
win,GridironGrace421,SCHMITZ874,620,657,UTC,04,04
win,UsernameWasTaken45,SCHMITZ874,684,666,UTC,04,04
loss,JeffersonGeorge000,SCHMITZ874,660,665,UTC,02,03
win,Uzumakiram,SCHMITZ874,682,682,UTC,20,20
loss,timetraveler2799,SCHMITZ874,679,666,UTC,00,00
win,jerrysnyder,SCHMITZ874,671,667,UTC,04,05
win,cmahoneymusic,SCHMITZ874,676,684,UTC,05,05
loss,AdityaLimpo,SCHMITZ874,687,676,UTC,03,03
win,wizardofwise1,SCHMITZ874,444,503,UTC,22,22
win,gianni033,SCHMITZ874,487,511,UTC,22,22
tie,skrishna1237777,SCHMITZ874,486,510,UTC,05,06
loss,vedbisne,SCHMITZ874,489,509,UTC,07,07
loss,RFkvothe,SCHMITZ874,526,501,UTC,22,22
win,Infinight_77,SCHMITZ874,467,493,UTC,08,08
loss,vette123,SCHMITZ874,460,484,UTC,02,02
win,Slaffka999,SCHMITZ874,471,492,UTC,17,17
win,wnilly,SCHMITZ874,503,500,UTC,17,17
loss,pacool06,SCHMITZ874,464,491,UTC,01,01
tie,srpskitigar3,SCHMITZ874,546,499,UTC,05,05
win,corcel81,SCHMITZ874,459,507,UTC,22,23
loss,Green-Guy,SCHMITZ874,539,508,UTC,08,09
loss,AndrewMasek,SCHMITZ874,562,335,UTC,01,01
win,LuisDaniel567,SCHMITZ874,432,381,UTC,01,01
loss,AndrewMasek,SCHMITZ874,562,381,UTC,01,01
loss,ariftuna50,SCHMITZ874,515,493,UTC,20,20
win,montheraldeep,SCHMITZ874,498,525,UTC,01,01
win,ageelg,SCHMITZ874,485,532,UTC,04,05
win,fredysdominguezdominguez,SCHMITZ874,504,532,UTC,00,01
win,sdrocco,SCHMITZ874,490,539,UTC,04,04
win,arthur4hunnid,SCHMITZ874,538,590,UTC,20,20
loss,estebanurrego,SCHMITZ874,603,582,UTC,20,20
tie,Ayropire,SCHMITZ874,576,582,UTC,22,22
loss,ha1duk_veljko,SCHMITZ874,586,566,UTC,00,00
loss,mohamedkhalil22,SCHMITZ874,613,559,UTC,00,00
win,SergioSzkuraFilho,SCHMITZ874,572,558,UTC,21,21
win,Micahkemperkemper,SCHMITZ874,560,575,UTC,17,17
loss,sweetheart9841,SCHMITZ874,565,567,UTC,17,17
loss,AleksandrBaryshev,SCHMITZ874,553,565,UTC,18,18
loss,Rickv5535l,SCHMITZ874,590,557,UTC,18,18
loss,giacomo450,SCHMITZ874,581,542,UTC,22,23
loss,Sponki-ponki,SCHMITZ874,518,526,UTC,19,19
loss,ericleslimaf,SCHMITZ874,495,518,UTC,04,05
win,WM45,SCHMITZ874,497,526,UTC,17,17
loss,cesr99,SCHMITZ874,509,517,UTC,17,17
win,Lio_z,SCHMITZ874,548,518,UTC,21,21
loss,Jabby007,SCHMITZ874,554,517,UTC,04,04
loss,Kmoto88,SCHMITZ874,541,517,UTC,03,03
loss,Twassyeetwass,SCHMITZ874,513,516,UTC,21,22
loss,carlos19992,SCHMITZ874,533,508,UTC,17,17
win,RaminZia,SCHMITZ874,525,517,UTC,22,22
loss,ChessAlanL,SCHMITZ874,540,502,UTC,00,00
loss,blurred_focus93,SCHMITZ874,500,494,UTC,03,03
tie,faisssharaf,SCHMITZ874,530,503,UTC,05,05
win,rosedog1965,SCHMITZ874,453,510,UTC,23,23
win,akhtar472,SCHMITZ874,475,516,UTC,23,00
loss,Jaimeunu,SCHMITZ874,504,500,UTC,00,00
win,bastiansasmita,SCHMITZ874,425,506,UTC,00,00
win,Xevenheith,SCHMITZ874,482,514,UTC,01,01
win,AhMic710,SCHMITZ874,524,508,UTC,02,02
win,Dalexander99,SCHMITZ874,482,516,UTC,04,05
win,Passionfruitmacron,SCHMITZ874,522,524,UTC,00,00
loss,Jexxchexx,SCHMITZ874,494,499,UTC,18,18
loss,Tolamon,SCHMITZ874,537,491,UTC,21,21
win,Maxmetalico,SCHMITZ874,517,518,UTC,20,20
win,Raflik21,SCHMITZ874,511,526,UTC,20,20
win,Grayhound0,SCHMITZ874,570,526,UTC,04,05
loss,jojorapidos,SCHMITZ874,540,511,UTC,18,18
win,dannenannoue,SCHMITZ874,495,511,UTC,20,20
win,tonyAVC,SCHMITZ874,502,519,UTC,20,20
loss,Kundan027,SCHMITZ874,499,517,UTC,03,03
win,quarterunningback,SCHMITZ874,486,517,UTC,09,09
loss,alvis1809,SCHMITZ874,562,518,UTC,20,20
loss,MultiXP,SCHMITZ874,575,520,UTC,07,07
loss,Ivootje,SCHMITZ874,569,513,UTC,06,06
win,lorenloren83,SCHMITZ874,552,522,UTC,06,06
win,kitpoet,SCHMITZ874,501,540,UTC,19,19
win,dpoling08,SCHMITZ874,520,548,UTC,07,07
tie,Calekala,SCHMITZ874,545,548,UTC,07,07
win,Dasighma,SCHMITZ874,516,564,UTC,22,22
win,hajrushiqerimu,SCHMITZ874,589,580,UTC,22,22
tie,transglobe59,SCHMITZ874,602,589,UTC,20,21
win,williamguillermo,SCHMITZ874,567,597,UTC,23,23
win,Hasan300903,SCHMITZ874,638,606,UTC,04,04
loss,Fuchun09,SCHMITZ874,677,607,UTC,05,05
loss,StefanovaMama,SCHMITZ874,576,598,UTC,05,05
loss,gayratovbakhouddin,SCHMITZ874,616,582,UTC,07,07
loss,alnitakzeta,SCHMITZ874,459,447,UTC,19,19
loss,Cleci1903,SCHMITZ874,479,440,UTC,23,23
win,khotting1,SCHMITZ874,404,441,UTC,03,03
tie,Helkire,SCHMITZ874,442,434,UTC,21,22
win,Sibzawyy,SCHMITZ874,297,439,UTC,01,01
loss,nogal_elasnik,SCHMITZ874,350,422,UTC,02,02
win,LLLA8OLDA,SCHMITZ874,447,431,UTC,02,02
win,Heewon-Shin,SCHMITZ874,353,468,UTC,21,21
loss,paicjakov,SCHMITZ874,487,460,UTC,21,21
loss,xander100pcj,SCHMITZ874,478,461,UTC,18,18
loss,gabilondopm,SCHMITZ874,441,446,UTC,20,20
win,amaavieyra,SCHMITZ874,461,455,UTC,20,20
loss,ruckyszfofe,SCHMITZ874,443,448,UTC,03,03
tie,fergie80,SCHMITZ874,410,440,UTC,07,08
win,Railunion,SCHMITZ874,404,456,UTC,02,02
loss,Artoiir,SCHMITZ874,398,447,UTC,03,03
loss,kiddcroft,SCHMITZ874,436,439,UTC,03,04
loss,hmbloz,SCHMITZ874,480,440,UTC,08,08
loss,kkass7,SCHMITZ874,465,441,UTC,02,02
win,Laurine1007,SCHMITZ874,390,458,UTC,20,21
loss,Zet_Rubikon,SCHMITZ874,471,450,UTC,05,06
win,NotRealJohnny,SCHMITZ874,414,458,UTC,23,23
win,CYclops888,SCHMITZ874,408,465,UTC,23,00
win,Yukio68663,SCHMITZ874,403,462,UTC,07,07
win,RickMurillo,SCHMITZ874,428,469,UTC,02,02
win,Nertaku,SCHMITZ874,494,471,UTC,18,19
win,brittany_69,SCHMITZ874,492,480,UTC,23,00
loss,Solmimini,SCHMITZ874,524,458,UTC,02,02
win,alp9887,SCHMITZ874,431,466,UTC,02,02
win,positivitymo,SCHMITZ874,430,473,UTC,20,20
win,TheJayMoss,SCHMITZ874,612,484,UTC,20,20
tie,Bobbyskinstat,SCHMITZ874,518,483,UTC,04,04
win,sorryourgonnalose,SCHMITZ874,489,499,UTC,17,17
loss,dehatiplayer,SCHMITZ874,554,500,UTC,17,17
loss,happyco7,SCHMITZ874,469,335,UTC,19,19
win,SpaceTimeWarper,SCHMITZ874,477,499,UTC,22,22
tie,phifeanddrumbeat,SCHMITZ874,523,507,UTC,18,18
win,Joshsecond,SCHMITZ874,512,508,UTC,20,20
loss,footywarts,SCHMITZ874,498,500,UTC,03,03
loss,bradleybeach22,SCHMITZ874,314,434,UTC,00,00
win,Repiella,SCHMITZ874,438,452,UTC,20,20
loss,elops89,SCHMITZ874,413,442,UTC,20,20
loss,krowsnuts,SCHMITZ874,424,433,UTC,08,08
win,alex_matrioska,SCHMITZ874,465,434,UTC,15,15
win,CrySpace,SCHMITZ874,392,441,UTC,15,15
win,elcameroncito,SCHMITZ874,430,440,UTC,20,20
loss,eg170505,SCHMITZ874,496,433,UTC,20,20
win,jbmma,SCHMITZ874,365,438,UTC,23,23
win,johncraft1,SCHMITZ874,340,450,UTC,17,17
win,hreedi007,SCHMITZ874,463,465,UTC,17,17
loss,AndrewMasek,SCHMITZ874,1125,463,UTC,05,05
loss,AndrewMasek,SCHMITZ874,1125,463,UTC,05,05
loss,AndrewMasek,SCHMITZ874,1125,463,UTC,05,05
loss,Tamer3399,SCHMITZ874,514,447,UTC,17,17
win,samerrasrx,SCHMITZ874,397,454,UTC,17,17
loss,scoth77,SCHMITZ874,465,437,UTC,23,23
win,chriszehnpfennig,SCHMITZ874,452,440,UTC,01,01
loss,pedrovictor7328,SCHMITZ874,433,423,UTC,17,17
win,7ussien,SCHMITZ874,379,430,UTC,20,20
win,MarykeVdW,SCHMITZ874,451,439,UTC,16,17
loss,ismajota,SCHMITZ874,524,441,UTC,23,23
win,SexistJew,SCHMITZ874,397,448,UTC,06,07
win,Chotto010,SCHMITZ874,521,458,UTC,07,07
loss,The_Scythe,SCHMITZ874,497,455,UTC,20,20
tie,LongActiveDream,SCHMITZ874,443,455,UTC,21,21
loss,andresvalenzuelaw,SCHMITZ874,448,447,UTC,02,02
loss,Bardia_salimi,SCHMITZ874,498,432,UTC,19,19
loss,amitchakro,SCHMITZ874,430,424,UTC,19,20
win,sweenbean97,SCHMITZ874,395,439,UTC,20,20
loss,Holder_of_Luava,SCHMITZ874,472,426,UTC,17,17
win,Abdoulaa089632,SCHMITZ874,408,426,UTC,20,20
win,scoopsy,SCHMITZ874,407,434,UTC,20,20
win,DGANTE,SCHMITZ874,470,443,UTC,22,22
loss,guijmo,SCHMITZ874,486,446,UTC,23,23
loss,Amaltom,SCHMITZ874,355,442,UTC,17,17
loss,osmanay0,SCHMITZ874,485,434,UTC,03,03
win,hamzajokez,SCHMITZ874,420,442,UTC,20,20
loss,Catsknees86,SCHMITZ874,501,427,UTC,20,20
loss,Cor2828,SCHMITZ874,401,418,UTC,06,06
win,jskeeter4,SCHMITZ874,378,436,UTC,20,20
win,PolioPollution,SCHMITZ874,444,438,UTC,05,05
loss,Ruhtaaaaa,SCHMITZ874,466,430,UTC,05,06
win,Antronus0,SCHMITZ874,478,446,UTC,19,19
win,basilsmom,SCHMITZ874,420,454,UTC,20,20
win,Tank314159,SCHMITZ874,464,455,UTC,23,23
loss,0xsarahx0,SCHMITZ874,478,441,UTC,06,06
tie,Naif_A,SCHMITZ874,368,402,UTC,21,21
loss,AndrewMasek,SCHMITZ874,1054,414,UTC,23,23
loss,maximilianusmax,SCHMITZ874,420,402,UTC,23,23
win,SocorroGarcia,SCHMITZ874,428,424,UTC,21,21
win,guiferrari11,SCHMITZ874,463,437,UTC,21,21
win,dkrt6,SCHMITZ874,404,447,UTC,21,21
win,Ivantej,SCHMITZ874,430,448,UTC,20,20
tie,kumahime,SCHMITZ874,535,442,UTC,06,06
loss,kumahime,SCHMITZ874,547,423,UTC,06,06
win,ilariacammarota,SCHMITZ874,455,453,UTC,20,21
loss,Amitsalom,SCHMITZ874,618,507,UTC,16,16
loss,Amitsalom,SCHMITZ874,616,549,UTC,16,16
loss,dineshk545,SCHMITZ874,676,529,UTC,16,16
loss,bula68,SCHMITZ874,555,391,UTC,17,17
win,Learning401,SCHMITZ874,474,479,UTC,17,17
loss,YOURMOMSFAT,SCHMITZ874,556,440,UTC,19,19
loss,Marciomelga,SCHMITZ874,581,456,UTC,21,21
loss,deividmendonca,SCHMITZ874,487,422,UTC,21,21
win,gloriagm1,SCHMITZ874,401,455,UTC,21,21
win,Urlodelpazzosium,SCHMITZ874,350,536,UTC,16,16
tie,chikun05,SCHMITZ874,498,533,UTC,16,16
loss,tacmetz,SCHMITZ874,490,481,UTC,22,22
win,Exocom,SCHMITZ874,398,478,UTC,01,01
win,bedbsesed,SCHMITZ874,337,447,UTC,01,01
loss,Marek22222,SCHMITZ874,405,424,UTC,20,20
tie,Allawi85,SCHMITZ874,410,423,UTC,20,20
win,ConnorPenka,SCHMITZ874,417,438,UTC,23,00
tie,BlakeHardaker,SCHMITZ874,457,450,UTC,02,02
loss,AkatsukiT4,SCHMITZ874,452,438,UTC,23,23
loss,Bolluu,SCHMITZ874,503,428,UTC,23,23
tie,adityeah4,SCHMITZ874,875,406,UTC,16,16
loss,dksd629,SCHMITZ874,964,447,UTC,16,16
win,wkevinang,SCHMITZ874,408,417,UTC,19,19
loss,EnglishDave2,SCHMITZ874,457,419,UTC,19,19
loss,KaMPi_15,SCHMITZ874,421,409,UTC,20,20
tie,jry2,SCHMITZ874,354,415,UTC,18,18
tie,jonthibs,SCHMITZ874,334,419,UTC,00,00
